PassengerId,Male,Pclass,Fare,FarePerPerson,Title,AgeUsingMeanTitle,AgeClass,SexClass,FamilySize,AgeSquared,AgeClassSquared,Survived
1,1,3,7.25,3.625,3,22.0,66.0,3,1,484.0,4356.0,0
2,0,1,71.2833,35.64165,3,38.0,38.0,0,1,1444.0,1444.0,1
3,0,3,7.925,7.925,3,26.0,78.0,0,0,676.0,6084.0,1
4,0,1,53.1,26.55,3,35.0,35.0,0,1,1225.0,1225.0,1
5,1,3,8.05,8.05,3,35.0,105.0,3,0,1225.0,11025.0,0
6,1,3,8.4583,8.4583,3,30.58522796352584,91.75568389057752,3,0,935.4561695808429,8419.105526227586,0
7,1,1,51.8625,51.8625,3,54.0,54.0,1,0,2916.0,2916.0,0
8,1,3,21.075,4.215,3,2.0,6.0,3,4,4.0,36.0,0
9,0,3,11.1333,3.7111,3,27.0,81.0,0,2,729.0,6561.0,1
10,0,2,30.0708,15.0354,3,14.0,28.0,0,1,196.0,784.0,1
11,0,3,16.7,5.566666666666666,3,4.0,12.0,0,2,16.0,144.0,1
12,0,1,26.55,26.55,3,58.0,58.0,0,0,3364.0,3364.0,1
13,1,3,8.05,8.05,3,20.0,60.0,3,0,400.0,3600.0,0
14,1,3,31.275,4.4678571428571425,3,39.0,117.0,3,6,1521.0,13689.0,0
15,0,3,7.8542,7.8542,3,14.0,42.0,0,0,196.0,1764.0,0
16,0,2,16.0,16.0,3,55.0,110.0,0,0,3025.0,12100.0,1
17,1,3,29.125,4.854166666666667,3,2.0,6.0,3,5,4.0,36.0,0
18,1,2,13.0,13.0,3,30.58522796352584,61.17045592705168,2,0,935.4561695808429,3741.8246783233717,1
19,0,3,18.0,9.0,3,31.0,93.0,0,1,961.0,8649.0,0
20,0,3,7.225,7.225,3,28.68708762886598,86.06126288659794,0,0,822.9489966262356,7406.540969636121,1
21,1,2,26.0,26.0,3,35.0,70.0,2,0,1225.0,4900.0,0
22,1,2,13.0,13.0,3,34.0,68.0,2,0,1156.0,4624.0,1
23,0,3,8.0292,8.0292,3,15.0,45.0,0,0,225.0,2025.0,1
24,1,1,35.5,35.5,3,28.0,28.0,1,0,784.0,784.0,1
25,0,3,21.075,4.215,3,8.0,24.0,0,4,64.0,576.0,0
26,0,3,31.3875,4.483928571428572,3,38.0,114.0,0,6,1444.0,12996.0,1
27,1,3,7.225,7.225,3,30.58522796352584,91.75568389057752,3,0,935.4561695808429,8419.105526227586,0
28,1,1,263.0,43.833333333333336,3,19.0,19.0,1,5,361.0,361.0,0
29,0,3,7.8792,7.8792,3,28.68708762886598,86.06126288659794,0,0,822.9489966262356,7406.540969636121,1
30,1,3,7.8958,7.8958,3,30.58522796352584,91.75568389057752,3,0,935.4561695808429,8419.105526227586,0
31,1,1,27.7208,27.7208,0,40.0,40.0,1,0,1600.0,1600.0,0
32,0,1,146.5208,73.2604,3,28.68708762886598,28.68708762886598,0,1,822.9489966262356,822.9489966262356,1
33,0,3,7.75,7.75,3,28.68708762886598,86.06126288659794,0,0,822.9489966262356,7406.540969636121,1
34,1,2,10.5,10.5,3,66.0,132.0,2,0,4356.0,17424.0,0
35,1,1,82.1708,41.0854,3,28.0,28.0,1,1,784.0,784.0,0
36,1,1,52.0,26.0,3,42.0,42.0,1,1,1764.0,1764.0,0
37,1,3,7.2292,7.2292,3,30.58522796352584,91.75568389057752,3,0,935.4561695808429,8419.105526227586,1
38,1,3,8.05,8.05,3,21.0,63.0,3,0,441.0,3969.0,0
39,0,3,18.0,6.0,3,18.0,54.0,0,2,324.0,2916.0,0
40,0,3,11.2417,5.62085,3,14.0,42.0,0,1,196.0,1764.0,1
41,0,3,9.475,4.7375,3,40.0,120.0,0,1,1600.0,14400.0,0
42,0,2,21.0,10.5,3,27.0,54.0,0,1,729.0,2916.0,0
43,1,3,7.8958,7.8958,3,30.58522796352584,91.75568389057752,3,0,935.4561695808429,8419.105526227586,0
44,0,2,41.5792,10.3948,3,3.0,6.0,0,3,9.0,36.0,1
45,0,3,7.8792,7.8792,3,19.0,57.0,0,0,361.0,3249.0,1
46,1,3,8.05,8.05,3,30.58522796352584,91.75568389057752,3,0,935.4561695808429,8419.105526227586,0
47,1,3,15.5,7.75,3,30.58522796352584,91.75568389057752,3,1,935.4561695808429,8419.105526227586,0
48,0,3,7.75,7.75,3,28.68708762886598,86.06126288659794,0,0,822.9489966262356,7406.540969636121,1
49,1,3,21.6792,7.226400000000001,3,30.58522796352584,91.75568389057752,3,2,935.4561695808429,8419.105526227586,0
50,0,3,17.8,8.9,3,18.0,54.0,0,1,324.0,2916.0,0
51,1,3,39.6875,6.614583333333333,3,7.0,21.0,3,5,49.0,441.0,0
52,1,3,7.8,7.8,3,21.0,63.0,3,0,441.0,3969.0,0
53,0,1,76.7292,38.3646,3,49.0,49.0,0,1,2401.0,2401.0,1
54,0,2,26.0,13.0,3,29.0,58.0,0,1,841.0,3364.0,1
55,1,1,61.9792,30.9896,3,65.0,65.0,1,1,4225.0,4225.0,0
56,1,1,35.5,35.5,3,30.58522796352584,30.58522796352584,1,0,935.4561695808429,935.4561695808429,1
57,0,2,10.5,10.5,3,21.0,42.0,0,0,441.0,1764.0,1
58,1,3,7.2292,7.2292,3,28.5,85.5,3,0,812.25,7310.25,0
59,0,2,27.75,6.9375,3,5.0,10.0,0,3,25.0,100.0,1
60,1,3,46.9,5.8625,3,11.0,33.0,3,7,121.0,1089.0,0
61,1,3,7.2292,7.2292,3,22.0,66.0,3,0,484.0,4356.0,0
62,0,1,80.0,80.0,3,38.0,38.0,0,0,1444.0,1444.0,1
63,1,1,83.475,41.7375,3,45.0,45.0,1,1,2025.0,2025.0,0
64,1,3,27.9,4.6499999999999995,3,4.0,12.0,3,5,16.0,144.0,0
65,1,1,27.7208,27.7208,3,30.58522796352584,30.58522796352584,1,0,935.4561695808429,935.4561695808429,0
66,1,3,15.2458,5.081933333333333,3,30.58522796352584,91.75568389057752,3,2,935.4561695808429,8419.105526227586,1
67,0,2,10.5,10.5,3,29.0,58.0,0,0,841.0,3364.0,1
68,1,3,8.1583,8.1583,3,19.0,57.0,3,0,361.0,3249.0,0
69,0,3,7.925,1.1321428571428571,3,17.0,51.0,0,6,289.0,2601.0,1
70,1,3,8.6625,2.8874999999999997,3,26.0,78.0,3,2,676.0,6084.0,0
71,1,2,10.5,10.5,3,32.0,64.0,2,0,1024.0,4096.0,0
72,0,3,46.9,5.8625,3,16.0,48.0,0,7,256.0,2304.0,0
73,1,2,73.5,73.5,3,21.0,42.0,2,0,441.0,1764.0,0
74,1,3,14.4542,7.2271,3,26.0,78.0,3,1,676.0,6084.0,0
75,1,3,56.4958,56.4958,3,32.0,96.0,3,0,1024.0,9216.0,1
76,1,3,7.65,7.65,3,25.0,75.0,3,0,625.0,5625.0,0
77,1,3,7.8958,7.8958,3,30.58522796352584,91.75568389057752,3,0,935.4561695808429,8419.105526227586,0
78,1,3,8.05,8.05,3,30.58522796352584,91.75568389057752,3,0,935.4561695808429,8419.105526227586,0
79,1,2,29.0,9.666666666666666,3,0.83,1.66,2,2,0.6889,2.7556,1
80,0,3,12.475,12.475,3,30.0,90.0,0,0,900.0,8100.0,1
81,1,3,9.0,9.0,3,22.0,66.0,3,0,484.0,4356.0,0
82,1,3,9.5,9.5,3,29.0,87.0,3,0,841.0,7569.0,1
83,0,3,7.7875,7.7875,3,28.68708762886598,86.06126288659794,0,0,822.9489966262356,7406.540969636121,1
84,1,1,47.1,47.1,3,28.0,28.0,1,0,784.0,784.0,0
85,0,2,10.5,10.5,3,17.0,34.0,0,0,289.0,1156.0,1
86,0,3,15.85,3.9625,3,33.0,99.0,0,3,1089.0,9801.0,1
87,1,3,34.375,6.875,3,16.0,48.0,3,4,256.0,2304.0,0
88,1,3,8.05,8.05,3,30.58522796352584,91.75568389057752,3,0,935.4561695808429,8419.105526227586,0
89,0,1,263.0,43.833333333333336,3,23.0,23.0,0,5,529.0,529.0,1
90,1,3,8.05,8.05,3,24.0,72.0,3,0,576.0,5184.0,0
91,1,3,8.05,8.05,3,29.0,87.0,3,0,841.0,7569.0,0
92,1,3,7.8542,7.8542,3,20.0,60.0,3,0,400.0,3600.0,0
93,1,1,61.175,30.5875,3,46.0,46.0,1,1,2116.0,2116.0,0
94,1,3,20.575,5.14375,3,26.0,78.0,3,3,676.0,6084.0,0
95,1,3,7.25,7.25,3,59.0,177.0,3,0,3481.0,31329.0,0
96,1,3,8.05,8.05,3,30.58522796352584,91.75568389057752,3,0,935.4561695808429,8419.105526227586,0
97,1,1,34.6542,34.6542,3,71.0,71.0,1,0,5041.0,5041.0,0
98,1,1,63.3583,31.67915,3,23.0,23.0,1,1,529.0,529.0,1
99,0,2,23.0,11.5,3,34.0,68.0,0,1,1156.0,4624.0,1
100,1,2,26.0,13.0,3,34.0,68.0,2,1,1156.0,4624.0,0
101,0,3,7.8958,7.8958,3,28.0,84.0,0,0,784.0,7056.0,0
102,1,3,7.8958,7.8958,3,30.58522796352584,91.75568389057752,3,0,935.4561695808429,8419.105526227586,0
103,1,1,77.2875,38.64375,3,21.0,21.0,1,1,441.0,441.0,0
104,1,3,8.6542,8.6542,3,33.0,99.0,3,0,1089.0,9801.0,0
105,1,3,7.925,2.6416666666666666,3,37.0,111.0,3,2,1369.0,12321.0,0
106,1,3,7.8958,7.8958,3,28.0,84.0,3,0,784.0,7056.0,0
107,0,3,7.65,7.65,3,21.0,63.0,0,0,441.0,3969.0,1
108,1,3,7.775,7.775,3,30.58522796352584,91.75568389057752,3,0,935.4561695808429,8419.105526227586,1
109,1,3,7.8958,7.8958,3,38.0,114.0,3,0,1444.0,12996.0,0
110,0,3,24.15,12.075,3,28.68708762886598,86.06126288659794,0,1,822.9489966262356,7406.540969636121,1
111,1,1,52.0,52.0,3,47.0,47.0,1,0,2209.0,2209.0,0
112,0,3,14.4542,7.2271,3,14.5,43.5,0,1,210.25,1892.25,0
113,1,3,8.05,8.05,3,22.0,66.0,3,0,484.0,4356.0,0
114,0,3,9.825,4.9125,3,20.0,60.0,0,1,400.0,3600.0,0
115,0,3,14.4583,14.4583,3,17.0,51.0,0,0,289.0,2601.0,0
116,1,3,7.925,7.925,3,21.0,63.0,3,0,441.0,3969.0,0
117,1,3,7.75,7.75,3,70.5,211.5,3,0,4970.25,44732.25,0
118,1,2,21.0,10.5,3,29.0,58.0,2,1,841.0,3364.0,0
119,1,1,247.5208,123.7604,3,24.0,24.0,1,1,576.0,576.0,0
120,0,3,31.275,4.4678571428571425,3,2.0,6.0,0,6,4.0,36.0,0
121,1,2,73.5,24.5,3,21.0,42.0,2,2,441.0,1764.0,0
122,1,3,8.05,8.05,3,30.58522796352584,91.75568389057752,3,0,935.4561695808429,8419.105526227586,0
123,1,2,30.0708,15.0354,3,32.5,65.0,2,1,1056.25,4225.0,0
124,0,2,13.0,13.0,3,32.5,65.0,0,0,1056.25,4225.0,1
125,1,1,77.2875,38.64375,3,54.0,54.0,1,1,2916.0,2916.0,0
126,1,3,11.2417,5.62085,3,12.0,36.0,3,1,144.0,1296.0,1
127,1,3,7.75,7.75,3,30.58522796352584,91.75568389057752,3,0,935.4561695808429,8419.105526227586,0
128,1,3,7.1417,7.1417,3,24.0,72.0,3,0,576.0,5184.0,1
129,0,3,22.3583,7.452766666666666,3,28.68708762886598,86.06126288659794,0,2,822.9489966262356,7406.540969636121,1
130,1,3,6.975,6.975,3,45.0,135.0,3,0,2025.0,18225.0,0
131,1,3,7.8958,7.8958,3,33.0,99.0,3,0,1089.0,9801.0,0
132,1,3,7.05,7.05,3,20.0,60.0,3,0,400.0,3600.0,0
133,0,3,14.5,7.25,3,47.0,141.0,0,1,2209.0,19881.0,0
134,0,2,26.0,13.0,3,29.0,58.0,0,1,841.0,3364.0,1
135,1,2,13.0,13.0,3,25.0,50.0,2,0,625.0,2500.0,0
136,1,2,15.0458,15.0458,3,23.0,46.0,2,0,529.0,2116.0,0
137,0,1,26.2833,8.7611,3,19.0,19.0,0,2,361.0,361.0,1
138,1,1,53.1,26.55,3,37.0,37.0,1,1,1369.0,1369.0,0
139,1,3,9.2167,9.2167,3,16.0,48.0,3,0,256.0,2304.0,0
140,1,1,79.2,79.2,3,24.0,24.0,1,0,576.0,576.0,0
141,0,3,15.2458,5.081933333333333,3,28.68708762886598,86.06126288659794,0,2,822.9489966262356,7406.540969636121,0
142,0,3,7.75,7.75,3,22.0,66.0,0,0,484.0,4356.0,1
143,0,3,15.85,7.925,3,24.0,72.0,0,1,576.0,5184.0,1
144,1,3,6.75,6.75,3,19.0,57.0,3,0,361.0,3249.0,0
145,1,2,11.5,11.5,3,18.0,36.0,2,0,324.0,1296.0,0
146,1,2,36.75,12.25,3,19.0,38.0,2,2,361.0,1444.0,0
147,1,3,7.7958,7.7958,3,27.0,81.0,3,0,729.0,6561.0,1
148,0,3,34.375,6.875,3,9.0,27.0,0,4,81.0,729.0,0
149,1,2,26.0,8.666666666666666,3,36.5,73.0,2,2,1332.25,5329.0,0
150,1,2,13.0,13.0,0,42.0,84.0,2,0,1764.0,7056.0,0
151,1,2,12.525,12.525,0,51.0,102.0,2,0,2601.0,10404.0,0
152,0,1,66.6,33.3,3,22.0,22.0,0,1,484.0,484.0,1
153,1,3,8.05,8.05,3,55.5,166.5,3,0,3080.25,27722.25,0
154,1,3,14.5,4.833333333333333,3,40.5,121.5,3,2,1640.25,14762.25,0
155,1,3,7.3125,7.3125,3,30.58522796352584,91.75568389057752,3,0,935.4561695808429,8419.105526227586,0
156,1,1,61.3792,30.6896,3,51.0,51.0,1,1,2601.0,2601.0,0
157,0,3,7.7333,7.7333,3,16.0,48.0,0,0,256.0,2304.0,1
158,1,3,8.05,8.05,3,30.0,90.0,3,0,900.0,8100.0,0
159,1,3,8.6625,8.6625,3,30.58522796352584,91.75568389057752,3,0,935.4561695808429,8419.105526227586,0
160,1,3,69.55,6.322727272727272,3,30.58522796352584,91.75568389057752,3,10,935.4561695808429,8419.105526227586,0
161,1,3,16.1,8.05,3,44.0,132.0,3,1,1936.0,17424.0,0
162,0,2,15.75,15.75,3,40.0,80.0,0,0,1600.0,6400.0,1
163,1,3,7.775,7.775,3,26.0,78.0,3,0,676.0,6084.0,0
164,1,3,8.6625,8.6625,3,17.0,51.0,3,0,289.0,2601.0,0
165,1,3,39.6875,6.614583333333333,3,1.0,3.0,3,5,1.0,9.0,0
166,1,3,20.525,6.841666666666666,3,9.0,27.0,3,2,81.0,729.0,1
167,0,1,55.0,27.5,3,28.68708762886598,28.68708762886598,0,1,822.9489966262356,822.9489966262356,1
168,0,3,27.9,4.6499999999999995,3,45.0,135.0,0,5,2025.0,18225.0,0
169,1,1,25.925,25.925,3,30.58522796352584,30.58522796352584,1,0,935.4561695808429,935.4561695808429,0
170,1,3,56.4958,56.4958,3,28.0,84.0,3,0,784.0,7056.0,0
171,1,1,33.5,33.5,3,61.0,61.0,1,0,3721.0,3721.0,0
172,1,3,29.125,4.854166666666667,3,4.0,12.0,3,5,16.0,144.0,0
173,0,3,11.1333,3.7111,3,1.0,3.0,0,2,1.0,9.0,1
174,1,3,7.925,7.925,3,21.0,63.0,3,0,441.0,3969.0,0
175,1,1,30.6958,30.6958,3,56.0,56.0,1,0,3136.0,3136.0,0
176,1,3,7.8542,2.6180666666666665,3,18.0,54.0,3,2,324.0,2916.0,0
177,1,3,25.4667,5.0933399999999995,3,30.58522796352584,91.75568389057752,3,4,935.4561695808429,8419.105526227586,0
178,0,1,28.7125,28.7125,3,50.0,50.0,0,0,2500.0,2500.0,0
179,1,2,13.0,13.0,3,30.0,60.0,2,0,900.0,3600.0,0
180,1,3,0.0,0.0,3,36.0,108.0,3,0,1296.0,11664.0,0
181,0,3,69.55,6.322727272727272,3,28.68708762886598,86.06126288659794,0,10,822.9489966262356,7406.540969636121,0
182,1,2,15.05,15.05,3,30.58522796352584,61.17045592705168,2,0,935.4561695808429,3741.8246783233717,0
183,1,3,31.3875,4.483928571428572,3,9.0,27.0,3,6,81.0,729.0,0
184,1,2,39.0,9.75,3,1.0,2.0,2,3,1.0,4.0,1
185,0,3,22.025,7.341666666666666,3,4.0,12.0,0,2,16.0,144.0,1
186,1,1,50.0,50.0,3,30.58522796352584,30.58522796352584,1,0,935.4561695808429,935.4561695808429,0
187,0,3,15.5,7.75,3,28.68708762886598,86.06126288659794,0,1,822.9489966262356,7406.540969636121,1
188,1,1,26.55,26.55,3,45.0,45.0,1,0,2025.0,2025.0,1
189,1,3,15.5,5.166666666666667,3,40.0,120.0,3,2,1600.0,14400.0,0
190,1,3,7.8958,7.8958,3,36.0,108.0,3,0,1296.0,11664.0,0
191,0,2,13.0,13.0,3,32.0,64.0,0,0,1024.0,4096.0,1
192,1,2,13.0,13.0,3,19.0,38.0,2,0,361.0,1444.0,0
193,0,3,7.8542,3.9271,3,19.0,57.0,0,1,361.0,3249.0,1
194,1,2,26.0,8.666666666666666,3,3.0,6.0,2,2,9.0,36.0,1
195,0,1,27.7208,27.7208,3,44.0,44.0,0,0,1936.0,1936.0,1
196,0,1,146.5208,146.5208,3,58.0,58.0,0,0,3364.0,3364.0,1
197,1,3,7.75,7.75,3,30.58522796352584,91.75568389057752,3,0,935.4561695808429,8419.105526227586,0
198,1,3,8.4042,4.2021,3,42.0,126.0,3,1,1764.0,15876.0,0
199,0,3,7.75,7.75,3,28.68708762886598,86.06126288659794,0,0,822.9489966262356,7406.540969636121,1
200,0,2,13.0,13.0,3,24.0,48.0,0,0,576.0,2304.0,0
201,1,3,9.5,9.5,3,28.0,84.0,3,0,784.0,7056.0,0
202,1,3,69.55,6.322727272727272,3,30.58522796352584,91.75568389057752,3,10,935.4561695808429,8419.105526227586,0
203,1,3,6.4958,6.4958,3,34.0,102.0,3,0,1156.0,10404.0,0
204,1,3,7.225,7.225,3,45.5,136.5,3,0,2070.25,18632.25,0
205,1,3,8.05,8.05,3,18.0,54.0,3,0,324.0,2916.0,1
206,0,3,10.4625,5.23125,3,2.0,6.0,0,1,4.0,36.0,0
207,1,3,15.85,7.925,3,32.0,96.0,3,1,1024.0,9216.0,0
208,1,3,18.7875,18.7875,3,26.0,78.0,3,0,676.0,6084.0,1
209,0,3,7.75,7.75,3,16.0,48.0,0,0,256.0,2304.0,1
210,1,1,31.0,31.0,3,40.0,40.0,1,0,1600.0,1600.0,1
211,1,3,7.05,7.05,3,24.0,72.0,3,0,576.0,5184.0,0
212,0,2,21.0,21.0,3,35.0,70.0,0,0,1225.0,4900.0,1
213,1,3,7.25,7.25,3,22.0,66.0,3,0,484.0,4356.0,0
214,1,2,13.0,13.0,3,30.0,60.0,2,0,900.0,3600.0,0
215,1,3,7.75,3.875,3,30.58522796352584,91.75568389057752,3,1,935.4561695808429,8419.105526227586,0
216,0,1,113.275,56.6375,3,31.0,31.0,0,1,961.0,961.0,1
217,0,3,7.925,7.925,3,27.0,81.0,0,0,729.0,6561.0,1
218,1,2,27.0,13.5,3,42.0,84.0,2,1,1764.0,7056.0,0
219,0,1,76.2917,76.2917,3,32.0,32.0,0,0,1024.0,1024.0,1
220,1,2,10.5,10.5,3,30.0,60.0,2,0,900.0,3600.0,0
221,1,3,8.05,8.05,3,16.0,48.0,3,0,256.0,2304.0,1
222,1,2,13.0,13.0,3,27.0,54.0,2,0,729.0,2916.0,0
223,1,3,8.05,8.05,3,51.0,153.0,3,0,2601.0,23409.0,0
224,1,3,7.8958,7.8958,3,30.58522796352584,91.75568389057752,3,0,935.4561695808429,8419.105526227586,0
225,1,1,90.0,45.0,3,38.0,38.0,1,1,1444.0,1444.0,1
226,1,3,9.35,9.35,3,22.0,66.0,3,0,484.0,4356.0,0
227,1,2,10.5,10.5,3,19.0,38.0,2,0,361.0,1444.0,1
228,1,3,7.25,7.25,3,20.5,61.5,3,0,420.25,3782.25,0
229,1,2,13.0,13.0,3,18.0,36.0,2,0,324.0,1296.0,0
230,0,3,25.4667,5.0933399999999995,3,28.68708762886598,86.06126288659794,0,4,822.9489966262356,7406.540969636121,0
231,0,1,83.475,41.7375,3,35.0,35.0,0,1,1225.0,1225.0,1
232,1,3,7.775,7.775,3,29.0,87.0,3,0,841.0,7569.0,0
233,1,2,13.5,13.5,3,59.0,118.0,2,0,3481.0,13924.0,0
234,0,3,31.3875,4.483928571428572,3,5.0,15.0,0,6,25.0,225.0,1
235,1,2,10.5,10.5,3,24.0,48.0,2,0,576.0,2304.0,0
236,0,3,7.55,7.55,3,28.68708762886598,86.06126288659794,0,0,822.9489966262356,7406.540969636121,0
237,1,2,26.0,13.0,3,44.0,88.0,2,1,1936.0,7744.0,0
238,0,2,26.25,8.75,3,8.0,16.0,0,2,64.0,256.0,1
239,1,2,10.5,10.5,3,19.0,38.0,2,0,361.0,1444.0,0
240,1,2,12.275,12.275,3,33.0,66.0,2,0,1089.0,4356.0,0
241,0,3,14.4542,7.2271,3,28.68708762886598,86.06126288659794,0,1,822.9489966262356,7406.540969636121,0
242,0,3,15.5,7.75,3,28.68708762886598,86.06126288659794,0,1,822.9489966262356,7406.540969636121,1
243,1,2,10.5,10.5,3,29.0,58.0,2,0,841.0,3364.0,0
244,1,3,7.125,7.125,3,22.0,66.0,3,0,484.0,4356.0,0
245,1,3,7.225,7.225,3,30.0,90.0,3,0,900.0,8100.0,0
246,1,1,90.0,30.0,1,44.0,44.0,1,2,1936.0,1936.0,0
247,0,3,7.775,7.775,3,25.0,75.0,0,0,625.0,5625.0,0
248,0,2,14.5,4.833333333333333,3,24.0,48.0,0,2,576.0,2304.0,1
249,1,1,52.5542,17.518066666666666,3,37.0,37.0,1,2,1369.0,1369.0,1
250,1,2,26.0,13.0,0,54.0,108.0,2,1,2916.0,11664.0,0
251,1,3,7.25,7.25,3,30.58522796352584,91.75568389057752,3,0,935.4561695808429,8419.105526227586,0
252,0,3,10.4625,3.4875000000000003,3,29.0,87.0,0,2,841.0,7569.0,0
253,1,1,26.55,26.55,3,62.0,62.0,1,0,3844.0,3844.0,0
254,1,3,16.1,8.05,3,30.0,90.0,3,1,900.0,8100.0,0
255,0,3,20.2125,6.7375,3,41.0,123.0,0,2,1681.0,15129.0,0
256,0,3,15.2458,5.081933333333333,3,29.0,87.0,0,2,841.0,7569.0,1
257,0,1,79.2,79.2,3,28.68708762886598,28.68708762886598,0,0,822.9489966262356,822.9489966262356,1
258,0,1,86.5,86.5,3,30.0,30.0,0,0,900.0,900.0,1
259,0,1,512.3292,512.3292,3,35.0,35.0,0,0,1225.0,1225.0,1
260,0,2,26.0,13.0,3,50.0,100.0,0,1,2500.0,10000.0,1
261,1,3,7.75,7.75,3,30.58522796352584,91.75568389057752,3,0,935.4561695808429,8419.105526227586,0
262,1,3,31.3875,4.483928571428572,3,3.0,9.0,3,6,9.0,81.0,1
263,1,1,79.65,26.55,3,52.0,52.0,1,2,2704.0,2704.0,0
264,1,1,0.0,0.0,3,40.0,40.0,1,0,1600.0,1600.0,0
265,0,3,7.75,7.75,3,28.68708762886598,86.06126288659794,0,0,822.9489966262356,7406.540969636121,0
266,1,2,10.5,10.5,3,36.0,72.0,2,0,1296.0,5184.0,0
267,1,3,39.6875,6.614583333333333,3,16.0,48.0,3,5,256.0,2304.0,0
268,1,3,7.775,3.8875,3,25.0,75.0,3,1,625.0,5625.0,1
269,0,1,153.4625,76.73125,3,58.0,58.0,0,1,3364.0,3364.0,1
270,0,1,135.6333,135.6333,3,35.0,35.0,0,0,1225.0,1225.0,1
271,1,1,31.0,31.0,3,30.58522796352584,30.58522796352584,1,0,935.4561695808429,935.4561695808429,0
272,1,3,0.0,0.0,3,25.0,75.0,3,0,625.0,5625.0,1
273,0,2,19.5,9.75,3,41.0,82.0,0,1,1681.0,6724.0,1
274,1,1,29.7,14.85,3,37.0,37.0,1,1,1369.0,1369.0,0
275,0,3,7.75,7.75,3,28.68708762886598,86.06126288659794,0,0,822.9489966262356,7406.540969636121,1
276,0,1,77.9583,38.97915,3,63.0,63.0,0,1,3969.0,3969.0,1
277,0,3,7.75,7.75,3,45.0,135.0,0,0,2025.0,18225.0,0
278,1,2,0.0,0.0,3,30.58522796352584,61.17045592705168,2,0,935.4561695808429,3741.8246783233717,0
279,1,3,29.125,4.854166666666667,3,7.0,21.0,3,5,49.0,441.0,0
280,0,3,20.25,6.75,3,35.0,105.0,0,2,1225.0,11025.0,1
281,1,3,7.75,7.75,3,65.0,195.0,3,0,4225.0,38025.0,0
282,1,3,7.8542,7.8542,3,28.0,84.0,3,0,784.0,7056.0,0
283,1,3,9.5,9.5,3,16.0,48.0,3,0,256.0,2304.0,0
284,1,3,8.05,8.05,3,19.0,57.0,3,0,361.0,3249.0,1
285,1,1,26.0,26.0,3,30.58522796352584,30.58522796352584,1,0,935.4561695808429,935.4561695808429,0
286,1,3,8.6625,8.6625,3,33.0,99.0,3,0,1089.0,9801.0,0
287,1,3,9.5,9.5,3,30.0,90.0,3,0,900.0,8100.0,1
288,1,3,7.8958,7.8958,3,22.0,66.0,3,0,484.0,4356.0,0
289,1,2,13.0,13.0,3,42.0,84.0,2,0,1764.0,7056.0,1
290,0,3,7.75,7.75,3,22.0,66.0,0,0,484.0,4356.0,1
291,0,1,78.85,78.85,3,26.0,26.0,0,0,676.0,676.0,1
292,0,1,91.0792,45.5396,3,19.0,19.0,0,1,361.0,361.0,1
293,1,2,12.875,12.875,3,36.0,72.0,2,0,1296.0,5184.0,0
294,0,3,8.85,8.85,3,24.0,72.0,0,0,576.0,5184.0,0
295,1,3,7.8958,7.8958,3,24.0,72.0,3,0,576.0,5184.0,0
296,1,1,27.7208,27.7208,3,30.58522796352584,30.58522796352584,1,0,935.4561695808429,935.4561695808429,0
297,1,3,7.2292,7.2292,3,23.5,70.5,3,0,552.25,4970.25,0
298,0,1,151.55,37.8875,3,2.0,2.0,0,3,4.0,4.0,0
299,1,1,30.5,30.5,3,30.58522796352584,30.58522796352584,1,0,935.4561695808429,935.4561695808429,1
300,0,1,247.5208,123.7604,3,50.0,50.0,0,1,2500.0,2500.0,1
301,0,3,7.75,7.75,3,28.68708762886598,86.06126288659794,0,0,822.9489966262356,7406.540969636121,1
302,1,3,23.25,7.75,3,30.58522796352584,91.75568389057752,3,2,935.4561695808429,8419.105526227586,1
303,1,3,0.0,0.0,3,19.0,57.0,3,0,361.0,3249.0,0
304,0,2,12.35,12.35,3,28.68708762886598,57.37417525773196,0,0,822.9489966262356,3291.7959865049424,1
305,1,3,8.05,8.05,3,30.58522796352584,91.75568389057752,3,0,935.4561695808429,8419.105526227586,0
306,1,1,151.55,37.8875,3,0.92,0.92,1,3,0.8464,0.8464,1
307,0,1,110.8833,110.8833,3,28.68708762886598,28.68708762886598,0,0,822.9489966262356,822.9489966262356,1
308,0,1,108.9,54.45,3,17.0,17.0,0,1,289.0,289.0,1
309,1,2,24.0,12.0,3,30.0,60.0,2,1,900.0,3600.0,0
310,0,1,56.9292,56.9292,3,30.0,30.0,0,0,900.0,900.0,1
311,0,1,83.1583,83.1583,3,24.0,24.0,0,0,576.0,576.0,1
312,0,1,262.375,52.475,3,18.0,18.0,0,4,324.0,324.0,1
313,0,2,26.0,8.666666666666666,3,26.0,52.0,0,2,676.0,2704.0,0
314,1,3,7.8958,7.8958,3,28.0,84.0,3,0,784.0,7056.0,0
315,1,2,26.25,8.75,3,43.0,86.0,2,2,1849.0,7396.0,0
316,0,3,7.8542,7.8542,3,26.0,78.0,0,0,676.0,6084.0,1
317,0,2,26.0,13.0,3,24.0,48.0,0,1,576.0,2304.0,1
318,1,2,14.0,14.0,1,54.0,108.0,2,0,2916.0,11664.0,0
319,0,1,164.8667,54.95556666666667,3,31.0,31.0,0,2,961.0,961.0,1
320,0,1,134.5,44.833333333333336,3,40.0,40.0,0,2,1600.0,1600.0,1
321,1,3,7.25,7.25,3,22.0,66.0,3,0,484.0,4356.0,0
322,1,3,7.8958,7.8958,3,27.0,81.0,3,0,729.0,6561.0,0
323,0,2,12.35,12.35,3,30.0,60.0,0,0,900.0,3600.0,1
324,0,2,29.0,9.666666666666666,3,22.0,44.0,0,2,484.0,1936.0,1
325,1,3,69.55,6.322727272727272,3,30.58522796352584,91.75568389057752,3,10,935.4561695808429,8419.105526227586,0
326,0,1,135.6333,135.6333,3,36.0,36.0,0,0,1296.0,1296.0,1
327,1,3,6.2375,6.2375,3,61.0,183.0,3,0,3721.0,33489.0,0
328,0,2,13.0,13.0,3,36.0,72.0,0,0,1296.0,5184.0,1
329,0,3,20.525,6.841666666666666,3,31.0,93.0,0,2,961.0,8649.0,1
330,0,1,57.9792,28.9896,3,16.0,16.0,0,1,256.0,256.0,1
331,0,3,23.25,7.75,3,28.68708762886598,86.06126288659794,0,2,822.9489966262356,7406.540969636121,1
332,1,1,28.5,28.5,3,45.5,45.5,1,0,2070.25,2070.25,0
333,1,1,153.4625,76.73125,3,38.0,38.0,1,1,1444.0,1444.0,0
334,1,3,18.0,6.0,3,16.0,48.0,3,2,256.0,2304.0,0
335,0,1,133.65,66.825,3,28.68708762886598,28.68708762886598,0,1,822.9489966262356,822.9489966262356,1
336,1,3,7.8958,7.8958,3,30.58522796352584,91.75568389057752,3,0,935.4561695808429,8419.105526227586,0
337,1,1,66.6,33.3,3,29.0,29.0,1,1,841.0,841.0,0
338,0,1,134.5,134.5,3,41.0,41.0,0,0,1681.0,1681.0,1
339,1,3,8.05,8.05,3,45.0,135.0,3,0,2025.0,18225.0,1
340,1,1,35.5,35.5,3,45.0,45.0,1,0,2025.0,2025.0,0
341,1,2,26.0,8.666666666666666,3,2.0,4.0,2,2,4.0,16.0,1
342,0,1,263.0,43.833333333333336,3,24.0,24.0,0,5,576.0,576.0,1
343,1,2,13.0,13.0,3,28.0,56.0,2,0,784.0,3136.0,0
344,1,2,13.0,13.0,3,25.0,50.0,2,0,625.0,2500.0,0
345,1,2,13.0,13.0,3,36.0,72.0,2,0,1296.0,5184.0,0
346,0,2,13.0,13.0,3,24.0,48.0,0,0,576.0,2304.0,1
347,0,2,13.0,13.0,3,40.0,80.0,0,0,1600.0,6400.0,1
348,0,3,16.1,8.05,3,28.68708762886598,86.06126288659794,0,1,822.9489966262356,7406.540969636121,1
349,1,3,15.9,5.3,3,3.0,9.0,3,2,9.0,81.0,1
350,1,3,8.6625,8.6625,3,42.0,126.0,3,0,1764.0,15876.0,0
351,1,3,9.225,9.225,3,23.0,69.0,3,0,529.0,4761.0,0
352,1,1,35.0,35.0,3,30.58522796352584,30.58522796352584,1,0,935.4561695808429,935.4561695808429,0
353,1,3,7.2292,2.409733333333333,3,15.0,45.0,3,2,225.0,2025.0,0
354,1,3,17.8,8.9,3,25.0,75.0,3,1,625.0,5625.0,0
355,1,3,7.225,7.225,3,30.58522796352584,91.75568389057752,3,0,935.4561695808429,8419.105526227586,0
356,1,3,9.5,9.5,3,28.0,84.0,3,0,784.0,7056.0,0
357,0,1,55.0,27.5,3,22.0,22.0,0,1,484.0,484.0,1
358,0,2,13.0,13.0,3,38.0,76.0,0,0,1444.0,5776.0,0
359,0,3,7.8792,7.8792,3,28.68708762886598,86.06126288659794,0,0,822.9489966262356,7406.540969636121,1
360,0,3,7.8792,7.8792,3,28.68708762886598,86.06126288659794,0,0,822.9489966262356,7406.540969636121,1
361,1,3,27.9,4.6499999999999995,3,40.0,120.0,3,5,1600.0,14400.0,0
362,1,2,27.7208,13.8604,3,29.0,58.0,2,1,841.0,3364.0,0
363,0,3,14.4542,7.2271,3,45.0,135.0,0,1,2025.0,18225.0,0
364,1,3,7.05,7.05,3,35.0,105.0,3,0,1225.0,11025.0,0
365,1,3,15.5,7.75,3,30.58522796352584,91.75568389057752,3,1,935.4561695808429,8419.105526227586,0
366,1,3,7.25,7.25,3,30.0,90.0,3,0,900.0,8100.0,0
367,0,1,75.25,37.625,3,60.0,60.0,0,1,3600.0,3600.0,1
368,0,3,7.2292,7.2292,3,28.68708762886598,86.06126288659794,0,0,822.9489966262356,7406.540969636121,1
369,0,3,7.75,7.75,3,28.68708762886598,86.06126288659794,0,0,822.9489966262356,7406.540969636121,1
370,0,1,69.3,69.3,1,24.0,24.0,0,0,576.0,576.0,1
371,1,1,55.4417,27.72085,3,25.0,25.0,1,1,625.0,625.0,1
372,1,3,6.4958,3.2479,3,18.0,54.0,3,1,324.0,2916.0,0
373,1,3,8.05,8.05,3,19.0,57.0,3,0,361.0,3249.0,0
374,1,1,135.6333,135.6333,3,22.0,22.0,1,0,484.0,484.0,0
375,0,3,21.075,4.215,3,3.0,9.0,0,4,9.0,81.0,0
376,0,1,82.1708,41.0854,3,28.68708762886598,28.68708762886598,0,1,822.9489966262356,822.9489966262356,1
377,0,3,7.25,7.25,3,22.0,66.0,0,0,484.0,4356.0,1
378,1,1,211.5,70.5,3,27.0,27.0,1,2,729.0,729.0,0
379,1,3,4.0125,4.0125,3,20.0,60.0,3,0,400.0,3600.0,0
380,1,3,7.775,7.775,3,19.0,57.0,3,0,361.0,3249.0,0
381,0,1,227.525,227.525,3,42.0,42.0,0,0,1764.0,1764.0,1
382,0,3,15.7417,5.247233333333333,3,1.0,3.0,0,2,1.0,9.0,1
383,1,3,7.925,7.925,3,32.0,96.0,3,0,1024.0,9216.0,0
384,0,1,52.0,26.0,3,35.0,35.0,0,1,1225.0,1225.0,1
385,1,3,7.8958,7.8958,3,30.58522796352584,91.75568389057752,3,0,935.4561695808429,8419.105526227586,0
386,1,2,73.5,73.5,3,18.0,36.0,2,0,324.0,1296.0,0
387,1,3,46.9,5.8625,3,1.0,3.0,3,7,1.0,9.0,0
388,0,2,13.0,13.0,3,36.0,72.0,0,0,1296.0,5184.0,1
389,1,3,7.7292,7.7292,3,30.58522796352584,91.75568389057752,3,0,935.4561695808429,8419.105526227586,0
390,0,2,12.0,12.0,3,17.0,34.0,0,0,289.0,1156.0,1
391,1,1,120.0,30.0,3,36.0,36.0,1,3,1296.0,1296.0,1
392,1,3,7.7958,7.7958,3,21.0,63.0,3,0,441.0,3969.0,1
393,1,3,7.925,2.6416666666666666,3,28.0,84.0,3,2,784.0,7056.0,0
394,0,1,113.275,56.6375,3,23.0,23.0,0,1,529.0,529.0,1
395,0,3,16.7,5.566666666666666,3,24.0,72.0,0,2,576.0,5184.0,1
396,1,3,7.7958,7.7958,3,22.0,66.0,3,0,484.0,4356.0,0
397,0,3,7.8542,7.8542,3,31.0,93.0,0,0,961.0,8649.0,0
398,1,2,26.0,26.0,3,46.0,92.0,2,0,2116.0,8464.0,0
399,1,2,10.5,10.5,1,23.0,46.0,2,0,529.0,2116.0,0
400,0,2,12.65,12.65,3,28.0,56.0,0,0,784.0,3136.0,1
401,1,3,7.925,7.925,3,39.0,117.0,3,0,1521.0,13689.0,1
402,1,3,8.05,8.05,3,26.0,78.0,3,0,676.0,6084.0,0
403,0,3,9.825,4.9125,3,21.0,63.0,0,1,441.0,3969.0,0
404,1,3,15.85,7.925,3,28.0,84.0,3,1,784.0,7056.0,0
405,0,3,8.6625,8.6625,3,20.0,60.0,0,0,400.0,3600.0,0
406,1,2,21.0,10.5,3,34.0,68.0,2,1,1156.0,4624.0,0
407,1,3,7.75,7.75,3,51.0,153.0,3,0,2601.0,23409.0,0
408,1,2,18.75,6.25,3,3.0,6.0,2,2,9.0,36.0,1
409,1,3,7.775,7.775,3,21.0,63.0,3,0,441.0,3969.0,0
410,0,3,25.4667,5.0933399999999995,3,28.68708762886598,86.06126288659794,0,4,822.9489966262356,7406.540969636121,0
411,1,3,7.8958,7.8958,3,30.58522796352584,91.75568389057752,3,0,935.4561695808429,8419.105526227586,0
412,1,3,6.8583,6.8583,3,30.58522796352584,91.75568389057752,3,0,935.4561695808429,8419.105526227586,0
413,0,1,90.0,45.0,3,33.0,33.0,0,1,1089.0,1089.0,1
414,1,2,0.0,0.0,3,30.58522796352584,61.17045592705168,2,0,935.4561695808429,3741.8246783233717,0
415,1,3,7.925,7.925,3,44.0,132.0,3,0,1936.0,17424.0,1
416,0,3,8.05,8.05,3,28.68708762886598,86.06126288659794,0,0,822.9489966262356,7406.540969636121,0
417,0,2,32.5,10.833333333333334,3,34.0,68.0,0,2,1156.0,4624.0,1
418,0,2,13.0,4.333333333333333,3,18.0,36.0,0,2,324.0,1296.0,1
419,1,2,13.0,13.0,3,30.0,60.0,2,0,900.0,3600.0,0
420,0,3,24.15,8.049999999999999,3,10.0,30.0,0,2,100.0,900.0,0
421,1,3,7.8958,7.8958,3,30.58522796352584,91.75568389057752,3,0,935.4561695808429,8419.105526227586,0
422,1,3,7.7333,7.7333,3,21.0,63.0,3,0,441.0,3969.0,0
423,1,3,7.875,7.875,3,29.0,87.0,3,0,841.0,7569.0,0
424,0,3,14.4,4.8,3,28.0,84.0,0,2,784.0,7056.0,0
425,1,3,20.2125,6.7375,3,18.0,54.0,3,2,324.0,2916.0,0
426,1,3,7.25,7.25,3,30.58522796352584,91.75568389057752,3,0,935.4561695808429,8419.105526227586,0
427,0,2,26.0,13.0,3,28.0,56.0,0,1,784.0,3136.0,1
428,0,2,26.0,26.0,3,19.0,38.0,0,0,361.0,1444.0,1
429,1,3,7.75,7.75,3,30.58522796352584,91.75568389057752,3,0,935.4561695808429,8419.105526227586,0
430,1,3,8.05,8.05,3,32.0,96.0,3,0,1024.0,9216.0,1
431,1,1,26.55,26.55,3,28.0,28.0,1,0,784.0,784.0,1
432,0,3,16.1,8.05,3,28.68708762886598,86.06126288659794,0,1,822.9489966262356,7406.540969636121,1
433,0,2,26.0,13.0,3,42.0,84.0,0,1,1764.0,7056.0,1
434,1,3,7.125,7.125,3,17.0,51.0,3,0,289.0,2601.0,0
435,1,1,55.9,27.95,3,50.0,50.0,1,1,2500.0,2500.0,0
436,0,1,120.0,30.0,3,14.0,14.0,0,3,196.0,196.0,1
437,0,3,34.375,6.875,3,21.0,63.0,0,4,441.0,3969.0,0
438,0,2,18.75,3.125,3,24.0,48.0,0,5,576.0,2304.0,1
439,1,1,263.0,43.833333333333336,3,64.0,64.0,1,5,4096.0,4096.0,0
440,1,2,10.5,10.5,3,31.0,62.0,2,0,961.0,3844.0,0
441,0,2,26.25,8.75,3,45.0,90.0,0,2,2025.0,8100.0,1
442,1,3,9.5,9.5,3,20.0,60.0,3,0,400.0,3600.0,0
443,1,3,7.775,3.8875,3,25.0,75.0,3,1,625.0,5625.0,0
444,0,2,13.0,13.0,2,28.0,56.0,0,0,784.0,3136.0,1
445,1,3,8.1125,8.1125,3,30.58522796352584,91.75568389057752,3,0,935.4561695808429,8419.105526227586,1
446,1,1,81.8583,27.2861,3,4.0,4.0,1,2,16.0,16.0,1
447,0,2,19.5,9.75,3,13.0,26.0,0,1,169.0,676.0,1
448,1,1,26.55,26.55,3,34.0,34.0,1,0,1156.0,1156.0,1
449,0,3,19.2583,4.814575,3,5.0,15.0,0,3,25.0,225.0,1
450,1,1,30.5,30.5,0,52.0,52.0,1,0,2704.0,2704.0,1
451,1,2,27.75,6.9375,3,36.0,72.0,2,3,1296.0,5184.0,0
452,1,3,19.9667,9.98335,3,30.58522796352584,91.75568389057752,3,1,935.4561695808429,8419.105526227586,0
453,1,1,27.75,27.75,3,30.0,30.0,1,0,900.0,900.0,0
454,1,1,89.1042,44.5521,3,49.0,49.0,1,1,2401.0,2401.0,1
455,1,3,8.05,8.05,3,30.58522796352584,91.75568389057752,3,0,935.4561695808429,8419.105526227586,0
456,1,3,7.8958,7.8958,3,29.0,87.0,3,0,841.0,7569.0,1
457,1,1,26.55,26.55,3,65.0,65.0,1,0,4225.0,4225.0,0
458,0,1,51.8625,25.93125,3,28.68708762886598,28.68708762886598,0,1,822.9489966262356,822.9489966262356,1
459,0,2,10.5,10.5,3,50.0,100.0,0,0,2500.0,10000.0,1
460,1,3,7.75,7.75,3,30.58522796352584,91.75568389057752,3,0,935.4561695808429,8419.105526227586,0
461,1,1,26.55,26.55,3,48.0,48.0,1,0,2304.0,2304.0,1
462,1,3,8.05,8.05,3,34.0,102.0,3,0,1156.0,10404.0,0
463,1,1,38.5,38.5,3,47.0,47.0,1,0,2209.0,2209.0,0
464,1,2,13.0,13.0,3,48.0,96.0,2,0,2304.0,9216.0,0
465,1,3,8.05,8.05,3,30.58522796352584,91.75568389057752,3,0,935.4561695808429,8419.105526227586,0
466,1,3,7.05,7.05,3,38.0,114.0,3,0,1444.0,12996.0,0
467,1,2,0.0,0.0,3,30.58522796352584,61.17045592705168,2,0,935.4561695808429,3741.8246783233717,0
468,1,1,26.55,26.55,3,56.0,56.0,1,0,3136.0,3136.0,0
469,1,3,7.725,7.725,3,30.58522796352584,91.75568389057752,3,0,935.4561695808429,8419.105526227586,0
470,0,3,19.2583,4.814575,3,0.75,2.25,0,3,0.5625,5.0625,1
471,1,3,7.25,7.25,3,30.58522796352584,91.75568389057752,3,0,935.4561695808429,8419.105526227586,0
472,1,3,8.6625,8.6625,3,38.0,114.0,3,0,1444.0,12996.0,0
473,0,2,27.75,6.9375,3,33.0,66.0,0,3,1089.0,4356.0,1
474,0,2,13.7917,13.7917,3,23.0,46.0,0,0,529.0,2116.0,1
475,0,3,9.8375,9.8375,3,22.0,66.0,0,0,484.0,4356.0,0
476,1,1,52.0,52.0,3,30.58522796352584,30.58522796352584,1,0,935.4561695808429,935.4561695808429,0
477,1,2,21.0,10.5,3,34.0,68.0,2,1,1156.0,4624.0,0
478,1,3,7.0458,3.5229,3,29.0,87.0,3,1,841.0,7569.0,0
479,1,3,7.5208,7.5208,3,22.0,66.0,3,0,484.0,4356.0,0
480,0,3,12.2875,6.14375,3,2.0,6.0,0,1,4.0,36.0,1
481,1,3,46.9,5.8625,3,9.0,27.0,3,7,81.0,729.0,0
482,1,2,0.0,0.0,3,30.58522796352584,61.17045592705168,2,0,935.4561695808429,3741.8246783233717,0
483,1,3,8.05,8.05,3,50.0,150.0,3,0,2500.0,22500.0,0
484,0,3,9.5875,9.5875,3,63.0,189.0,0,0,3969.0,35721.0,1
485,1,1,91.0792,45.5396,3,25.0,25.0,1,1,625.0,625.0,1
486,0,3,25.4667,5.0933399999999995,3,28.68708762886598,86.06126288659794,0,4,822.9489966262356,7406.540969636121,0
487,0,1,90.0,45.0,3,35.0,35.0,0,1,1225.0,1225.0,1
488,1,1,29.7,29.7,3,58.0,58.0,1,0,3364.0,3364.0,0
489,1,3,8.05,8.05,3,30.0,90.0,3,0,900.0,8100.0,0
490,1,3,15.9,5.3,3,9.0,27.0,3,2,81.0,729.0,1
491,1,3,19.9667,9.98335,3,30.58522796352584,91.75568389057752,3,1,935.4561695808429,8419.105526227586,0
492,1,3,7.25,7.25,3,21.0,63.0,3,0,441.0,3969.0,0
493,1,1,30.5,30.5,3,55.0,55.0,1,0,3025.0,3025.0,0
494,1,1,49.5042,49.5042,3,71.0,71.0,1,0,5041.0,5041.0,0
495,1,3,8.05,8.05,3,21.0,63.0,3,0,441.0,3969.0,0
496,1,3,14.4583,14.4583,3,30.58522796352584,91.75568389057752,3,0,935.4561695808429,8419.105526227586,0
497,0,1,78.2667,39.13335,3,54.0,54.0,0,1,2916.0,2916.0,1
498,1,3,15.1,15.1,3,30.58522796352584,91.75568389057752,3,0,935.4561695808429,8419.105526227586,0
499,0,1,151.55,37.8875,3,25.0,25.0,0,3,625.0,625.0,0
500,1,3,7.7958,7.7958,3,24.0,72.0,3,0,576.0,5184.0,0
501,1,3,8.6625,8.6625,3,17.0,51.0,3,0,289.0,2601.0,0
502,0,3,7.75,7.75,3,21.0,63.0,0,0,441.0,3969.0,0
503,0,3,7.6292,7.6292,3,28.68708762886598,86.06126288659794,0,0,822.9489966262356,7406.540969636121,0
504,0,3,9.5875,9.5875,3,37.0,111.0,0,0,1369.0,12321.0,0
505,0,1,86.5,86.5,3,16.0,16.0,0,0,256.0,256.0,1
506,1,1,108.9,54.45,3,18.0,18.0,1,1,324.0,324.0,0
507,0,2,26.0,8.666666666666666,3,33.0,66.0,0,2,1089.0,4356.0,1
508,1,1,26.55,26.55,3,30.58522796352584,30.58522796352584,1,0,935.4561695808429,935.4561695808429,1
509,1,3,22.525,22.525,3,28.0,84.0,3,0,784.0,7056.0,0
510,1,3,56.4958,56.4958,3,26.0,78.0,3,0,676.0,6084.0,1
511,1,3,7.75,7.75,3,29.0,87.0,3,0,841.0,7569.0,1
512,1,3,8.05,8.05,3,30.58522796352584,91.75568389057752,3,0,935.4561695808429,8419.105526227586,0
513,1,1,26.2875,26.2875,3,36.0,36.0,1,0,1296.0,1296.0,1
514,0,1,59.4,29.7,3,54.0,54.0,0,1,2916.0,2916.0,1
515,1,3,7.4958,7.4958,3,24.0,72.0,3,0,576.0,5184.0,0
516,1,1,34.0208,34.0208,3,47.0,47.0,1,0,2209.0,2209.0,0
517,0,2,10.5,10.5,3,34.0,68.0,0,0,1156.0,4624.0,1
518,1,3,24.15,24.15,3,30.58522796352584,91.75568389057752,3,0,935.4561695808429,8419.105526227586,0
519,0,2,26.0,13.0,3,36.0,72.0,0,1,1296.0,5184.0,1
520,1,3,7.8958,7.8958,3,32.0,96.0,3,0,1024.0,9216.0,0
521,0,1,93.5,93.5,3,30.0,30.0,0,0,900.0,900.0,1
522,1,3,7.8958,7.8958,3,22.0,66.0,3,0,484.0,4356.0,0
523,1,3,7.225,7.225,3,30.58522796352584,91.75568389057752,3,0,935.4561695808429,8419.105526227586,0
524,0,1,57.9792,28.9896,3,44.0,44.0,0,1,1936.0,1936.0,1
525,1,3,7.2292,7.2292,3,30.58522796352584,91.75568389057752,3,0,935.4561695808429,8419.105526227586,0
526,1,3,7.75,7.75,3,40.5,121.5,3,0,1640.25,14762.25,0
527,0,2,10.5,10.5,3,50.0,100.0,0,0,2500.0,10000.0,1
528,1,1,221.7792,221.7792,3,30.58522796352584,30.58522796352584,1,0,935.4561695808429,935.4561695808429,0
529,1,3,7.925,7.925,3,39.0,117.0,3,0,1521.0,13689.0,0
530,1,2,11.5,2.875,3,23.0,46.0,2,3,529.0,2116.0,0
531,0,2,26.0,8.666666666666666,3,2.0,4.0,0,2,4.0,16.0,1
532,1,3,7.2292,7.2292,3,30.58522796352584,91.75568389057752,3,0,935.4561695808429,8419.105526227586,0
533,1,3,7.2292,2.409733333333333,3,17.0,51.0,3,2,289.0,2601.0,0
534,0,3,22.3583,7.452766666666666,3,28.68708762886598,86.06126288659794,0,2,822.9489966262356,7406.540969636121,1
535,0,3,8.6625,8.6625,3,30.0,90.0,0,0,900.0,8100.0,0
536,0,2,26.25,8.75,3,7.0,14.0,0,2,49.0,196.0,1
537,1,1,26.55,26.55,0,45.0,45.0,1,0,2025.0,2025.0,0
538,0,1,106.425,106.425,3,30.0,30.0,0,0,900.0,900.0,1
539,1,3,14.5,14.5,3,30.58522796352584,91.75568389057752,3,0,935.4561695808429,8419.105526227586,0
540,0,1,49.5,16.5,3,22.0,22.0,0,2,484.0,484.0,1
541,0,1,71.0,23.666666666666668,3,36.0,36.0,0,2,1296.0,1296.0,1
542,0,3,31.275,4.4678571428571425,3,9.0,27.0,0,6,81.0,729.0,0
543,0,3,31.275,4.4678571428571425,3,11.0,33.0,0,6,121.0,1089.0,0
544,1,2,26.0,13.0,3,32.0,64.0,2,1,1024.0,4096.0,1
545,1,1,106.425,53.2125,3,50.0,50.0,1,1,2500.0,2500.0,0
546,1,1,26.0,26.0,3,64.0,64.0,1,0,4096.0,4096.0,0
547,0,2,26.0,13.0,3,19.0,38.0,0,1,361.0,1444.0,1
548,1,2,13.8625,13.8625,3,30.58522796352584,61.17045592705168,2,0,935.4561695808429,3741.8246783233717,1
549,1,3,20.525,6.841666666666666,3,33.0,99.0,3,2,1089.0,9801.0,0
550,1,2,36.75,12.25,3,8.0,16.0,2,2,64.0,256.0,1
551,1,1,110.8833,36.9611,3,17.0,17.0,1,2,289.0,289.0,1
552,1,2,26.0,26.0,3,27.0,54.0,2,0,729.0,2916.0,0
553,1,3,7.8292,7.8292,3,30.58522796352584,91.75568389057752,3,0,935.4561695808429,8419.105526227586,0
554,1,3,7.225,7.225,3,22.0,66.0,3,0,484.0,4356.0,1
555,0,3,7.775,7.775,3,22.0,66.0,0,0,484.0,4356.0,1
556,1,1,26.55,26.55,3,62.0,62.0,1,0,3844.0,3844.0,0
557,0,1,39.6,19.8,3,48.0,48.0,0,1,2304.0,2304.0,1
558,1,1,227.525,227.525,3,30.58522796352584,30.58522796352584,1,0,935.4561695808429,935.4561695808429,0
559,0,1,79.65,26.55,3,39.0,39.0,0,2,1521.0,1521.0,1
560,0,3,17.4,8.7,3,36.0,108.0,0,1,1296.0,11664.0,1
561,1,3,7.75,7.75,3,30.58522796352584,91.75568389057752,3,0,935.4561695808429,8419.105526227586,0
562,1,3,7.8958,7.8958,3,40.0,120.0,3,0,1600.0,14400.0,0
563,1,2,13.5,13.5,3,28.0,56.0,2,0,784.0,3136.0,0
564,1,3,8.05,8.05,3,30.58522796352584,91.75568389057752,3,0,935.4561695808429,8419.105526227586,0
565,0,3,8.05,8.05,3,28.68708762886598,86.06126288659794,0,0,822.9489966262356,7406.540969636121,0
566,1,3,24.15,8.049999999999999,3,24.0,72.0,3,2,576.0,5184.0,0
567,1,3,7.8958,7.8958,3,19.0,57.0,3,0,361.0,3249.0,0
568,0,3,21.075,4.215,3,29.0,87.0,0,4,841.0,7569.0,0
569,1,3,7.2292,7.2292,3,30.58522796352584,91.75568389057752,3,0,935.4561695808429,8419.105526227586,0
570,1,3,7.8542,7.8542,3,32.0,96.0,3,0,1024.0,9216.0,1
571,1,2,10.5,10.5,3,62.0,124.0,2,0,3844.0,15376.0,1
572,0,1,51.4792,17.15973333333333,3,53.0,53.0,0,2,2809.0,2809.0,1
573,1,1,26.3875,26.3875,3,36.0,36.0,1,0,1296.0,1296.0,1
574,0,3,7.75,7.75,3,28.68708762886598,86.06126288659794,0,0,822.9489966262356,7406.540969636121,1
575,1,3,8.05,8.05,3,16.0,48.0,3,0,256.0,2304.0,0
576,1,3,14.5,14.5,3,19.0,57.0,3,0,361.0,3249.0,0
577,0,2,13.0,13.0,3,34.0,68.0,0,0,1156.0,4624.0,1
578,0,1,55.9,27.95,3,39.0,39.0,0,1,1521.0,1521.0,1
579,0,3,14.4583,7.22915,3,28.68708762886598,86.06126288659794,0,1,822.9489966262356,7406.540969636121,0
580,1,3,7.925,7.925,3,32.0,96.0,3,0,1024.0,9216.0,1
581,0,2,30.0,10.0,3,25.0,50.0,0,2,625.0,2500.0,1
582,0,1,110.8833,36.9611,3,39.0,39.0,0,2,1521.0,1521.0,1
583,1,2,26.0,26.0,3,54.0,108.0,2,0,2916.0,11664.0,0
584,1,1,40.125,40.125,3,36.0,36.0,1,0,1296.0,1296.0,0
585,1,3,8.7125,8.7125,3,30.58522796352584,91.75568389057752,3,0,935.4561695808429,8419.105526227586,0
586,0,1,79.65,26.55,3,18.0,18.0,0,2,324.0,324.0,1
587,1,2,15.0,15.0,3,47.0,94.0,2,0,2209.0,8836.0,0
588,1,1,79.2,26.400000000000002,3,60.0,60.0,1,2,3600.0,3600.0,1
589,1,3,8.05,8.05,3,22.0,66.0,3,0,484.0,4356.0,0
590,1,3,8.05,8.05,3,30.58522796352584,91.75568389057752,3,0,935.4561695808429,8419.105526227586,0
591,1,3,7.125,7.125,3,35.0,105.0,3,0,1225.0,11025.0,0
592,0,1,78.2667,39.13335,3,52.0,52.0,0,1,2704.0,2704.0,1
593,1,3,7.25,7.25,3,47.0,141.0,3,0,2209.0,19881.0,0
594,0,3,7.75,2.5833333333333335,3,28.68708762886598,86.06126288659794,0,2,822.9489966262356,7406.540969636121,0
595,1,2,26.0,13.0,3,37.0,74.0,2,1,1369.0,5476.0,0
596,1,3,24.15,8.049999999999999,3,36.0,108.0,3,2,1296.0,11664.0,0
597,0,2,33.0,33.0,3,28.68708762886598,57.37417525773196,0,0,822.9489966262356,3291.7959865049424,1
598,1,3,0.0,0.0,3,49.0,147.0,3,0,2401.0,21609.0,0
599,1,3,7.225,7.225,3,30.58522796352584,91.75568389057752,3,0,935.4561695808429,8419.105526227586,0
600,1,1,56.9292,28.4646,3,49.0,49.0,1,1,2401.0,2401.0,1
601,0,2,27.0,6.75,3,24.0,48.0,0,3,576.0,2304.0,1
602,1,3,7.8958,7.8958,3,30.58522796352584,91.75568389057752,3,0,935.4561695808429,8419.105526227586,0
603,1,1,42.4,42.4,3,30.58522796352584,30.58522796352584,1,0,935.4561695808429,935.4561695808429,0
604,1,3,8.05,8.05,3,44.0,132.0,3,0,1936.0,17424.0,0
605,1,1,26.55,26.55,3,35.0,35.0,1,0,1225.0,1225.0,1
606,1,3,15.55,7.775,3,36.0,108.0,3,1,1296.0,11664.0,0
607,1,3,7.8958,7.8958,3,30.0,90.0,3,0,900.0,8100.0,0
608,1,1,30.5,30.5,3,27.0,27.0,1,0,729.0,729.0,1
609,0,2,41.5792,10.3948,3,22.0,44.0,0,3,484.0,1936.0,1
610,0,1,153.4625,153.4625,3,40.0,40.0,0,0,1600.0,1600.0,1
611,0,3,31.275,4.4678571428571425,3,39.0,117.0,0,6,1521.0,13689.0,0
612,1,3,7.05,7.05,3,30.58522796352584,91.75568389057752,3,0,935.4561695808429,8419.105526227586,0
613,0,3,15.5,7.75,3,28.68708762886598,86.06126288659794,0,1,822.9489966262356,7406.540969636121,1
614,1,3,7.75,7.75,3,30.58522796352584,91.75568389057752,3,0,935.4561695808429,8419.105526227586,0
615,1,3,8.05,8.05,3,35.0,105.0,3,0,1225.0,11025.0,0
616,0,2,65.0,16.25,3,24.0,48.0,0,3,576.0,2304.0,1
617,1,3,14.4,4.8,3,34.0,102.0,3,2,1156.0,10404.0,0
618,0,3,16.1,8.05,3,26.0,78.0,0,1,676.0,6084.0,0
619,0,2,39.0,9.75,3,4.0,8.0,0,3,16.0,64.0,1
620,1,2,10.5,10.5,3,26.0,52.0,2,0,676.0,2704.0,0
621,1,3,14.4542,7.2271,3,27.0,81.0,3,1,729.0,6561.0,0
622,1,1,52.5542,26.2771,3,42.0,42.0,1,1,1764.0,1764.0,1
623,1,3,15.7417,5.247233333333333,3,20.0,60.0,3,2,400.0,3600.0,1
624,1,3,7.8542,7.8542,3,21.0,63.0,3,0,441.0,3969.0,0
625,1,3,16.1,16.1,3,21.0,63.0,3,0,441.0,3969.0,0
626,1,1,32.3208,32.3208,3,61.0,61.0,1,0,3721.0,3721.0,0
627,1,2,12.35,12.35,0,57.0,114.0,2,0,3249.0,12996.0,0
628,0,1,77.9583,77.9583,3,21.0,21.0,0,0,441.0,441.0,1
629,1,3,7.8958,7.8958,3,26.0,78.0,3,0,676.0,6084.0,0
630,1,3,7.7333,7.7333,3,30.58522796352584,91.75568389057752,3,0,935.4561695808429,8419.105526227586,0
631,1,1,30.0,30.0,3,80.0,80.0,1,0,6400.0,6400.0,1
632,1,3,7.0542,7.0542,3,51.0,153.0,3,0,2601.0,23409.0,0
633,1,1,30.5,30.5,1,32.0,32.0,1,0,1024.0,1024.0,1
634,1,1,0.0,0.0,3,30.58522796352584,30.58522796352584,1,0,935.4561695808429,935.4561695808429,0
635,0,3,27.9,4.6499999999999995,3,9.0,27.0,0,5,81.0,729.0,0
636,0,2,13.0,13.0,3,28.0,56.0,0,0,784.0,3136.0,1
637,1,3,7.925,7.925,3,32.0,96.0,3,0,1024.0,9216.0,0
638,1,2,26.25,8.75,3,31.0,62.0,2,2,961.0,3844.0,0
639,0,3,39.6875,6.614583333333333,3,41.0,123.0,0,5,1681.0,15129.0,0
640,1,3,16.1,8.05,3,30.58522796352584,91.75568389057752,3,1,935.4561695808429,8419.105526227586,0
641,1,3,7.8542,7.8542,3,20.0,60.0,3,0,400.0,3600.0,0
642,0,1,69.3,69.3,2,24.0,24.0,0,0,576.0,576.0,1
643,0,3,27.9,4.6499999999999995,3,2.0,6.0,0,5,4.0,36.0,0
644,1,3,56.4958,56.4958,3,30.58522796352584,91.75568389057752,3,0,935.4561695808429,8419.105526227586,1
645,0,3,19.2583,4.814575,3,0.75,2.25,0,3,0.5625,5.0625,1
646,1,1,76.7292,38.3646,3,48.0,48.0,1,1,2304.0,2304.0,1
647,1,3,7.8958,7.8958,3,19.0,57.0,3,0,361.0,3249.0,0
648,1,1,35.5,35.5,0,56.0,56.0,1,0,3136.0,3136.0,1
649,1,3,7.55,7.55,3,30.58522796352584,91.75568389057752,3,0,935.4561695808429,8419.105526227586,0
650,0,3,7.55,7.55,3,23.0,69.0,0,0,529.0,4761.0,1
651,1,3,7.8958,7.8958,3,30.58522796352584,91.75568389057752,3,0,935.4561695808429,8419.105526227586,0
652,0,2,23.0,11.5,3,18.0,36.0,0,1,324.0,1296.0,1
653,1,3,8.4333,8.4333,3,21.0,63.0,3,0,441.0,3969.0,0
654,0,3,7.8292,7.8292,3,28.68708762886598,86.06126288659794,0,0,822.9489966262356,7406.540969636121,1
655,0,3,6.75,6.75,3,18.0,54.0,0,0,324.0,2916.0,0
656,1,2,73.5,24.5,3,24.0,48.0,2,2,576.0,2304.0,0
657,1,3,7.8958,7.8958,3,30.58522796352584,91.75568389057752,3,0,935.4561695808429,8419.105526227586,0
658,0,3,15.5,5.166666666666667,3,32.0,96.0,0,2,1024.0,9216.0,0
659,1,2,13.0,13.0,3,23.0,46.0,2,0,529.0,2116.0,0
660,1,1,113.275,37.75833333333333,3,58.0,58.0,1,2,3364.0,3364.0,0
661,1,1,133.65,44.550000000000004,1,50.0,50.0,1,2,2500.0,2500.0,1
662,1,3,7.225,7.225,3,40.0,120.0,3,0,1600.0,14400.0,0
663,1,1,25.5875,25.5875,3,47.0,47.0,1,0,2209.0,2209.0,0
664,1,3,7.4958,7.4958,3,36.0,108.0,3,0,1296.0,11664.0,0
665,1,3,7.925,3.9625,3,20.0,60.0,3,1,400.0,3600.0,1
666,1,2,73.5,24.5,3,32.0,64.0,2,2,1024.0,4096.0,0
667,1,2,13.0,13.0,3,25.0,50.0,2,0,625.0,2500.0,0
668,1,3,7.775,7.775,3,30.58522796352584,91.75568389057752,3,0,935.4561695808429,8419.105526227586,0
669,1,3,8.05,8.05,3,43.0,129.0,3,0,1849.0,16641.0,0
670,0,1,52.0,26.0,3,28.68708762886598,28.68708762886598,0,1,822.9489966262356,822.9489966262356,1
671,0,2,39.0,13.0,3,40.0,80.0,0,2,1600.0,6400.0,1
672,1,1,52.0,26.0,3,31.0,31.0,1,1,961.0,961.0,0
673,1,2,10.5,10.5,3,70.0,140.0,2,0,4900.0,19600.0,0
674,1,2,13.0,13.0,3,31.0,62.0,2,0,961.0,3844.0,1
675,1,2,0.0,0.0,3,30.58522796352584,61.17045592705168,2,0,935.4561695808429,3741.8246783233717,0
676,1,3,7.775,7.775,3,18.0,54.0,3,0,324.0,2916.0,0
677,1,3,8.05,8.05,3,24.5,73.5,3,0,600.25,5402.25,0
678,0,3,9.8417,9.8417,3,18.0,54.0,0,0,324.0,2916.0,1
679,0,3,46.9,5.8625,3,43.0,129.0,0,7,1849.0,16641.0,0
680,1,1,512.3292,256.1646,3,36.0,36.0,1,1,1296.0,1296.0,1
681,0,3,8.1375,8.1375,3,28.68708762886598,86.06126288659794,0,0,822.9489966262356,7406.540969636121,0
682,1,1,76.7292,76.7292,3,27.0,27.0,1,0,729.0,729.0,1
683,1,3,9.225,9.225,3,20.0,60.0,3,0,400.0,3600.0,0
684,1,3,46.9,5.8625,3,14.0,42.0,3,7,196.0,1764.0,0
685,1,2,39.0,13.0,3,60.0,120.0,2,2,3600.0,14400.0,0
686,1,2,41.5792,10.3948,3,25.0,50.0,2,3,625.0,2500.0,0
687,1,3,39.6875,6.614583333333333,3,14.0,42.0,3,5,196.0,1764.0,0
688,1,3,10.1708,10.1708,3,19.0,57.0,3,0,361.0,3249.0,0
689,1,3,7.7958,7.7958,3,18.0,54.0,3,0,324.0,2916.0,0
690,0,1,211.3375,105.66875,3,15.0,15.0,0,1,225.0,225.0,1
691,1,1,57.0,28.5,3,31.0,31.0,1,1,961.0,961.0,1
692,0,3,13.4167,6.70835,3,4.0,12.0,0,1,16.0,144.0,1
693,1,3,56.4958,56.4958,3,30.58522796352584,91.75568389057752,3,0,935.4561695808429,8419.105526227586,1
694,1,3,7.225,7.225,3,25.0,75.0,3,0,625.0,5625.0,0
695,1,1,26.55,26.55,0,60.0,60.0,1,0,3600.0,3600.0,0
696,1,2,13.5,13.5,3,52.0,104.0,2,0,2704.0,10816.0,0
697,1,3,8.05,8.05,3,44.0,132.0,3,0,1936.0,17424.0,0
698,0,3,7.7333,7.7333,3,28.68708762886598,86.06126288659794,0,0,822.9489966262356,7406.540969636121,1
699,1,1,110.8833,36.9611,3,49.0,49.0,1,2,2401.0,2401.0,0
700,1,3,7.65,7.65,3,42.0,126.0,3,0,1764.0,15876.0,0
701,0,1,227.525,113.7625,3,18.0,18.0,0,1,324.0,324.0,1
702,1,1,26.2875,26.2875,3,35.0,35.0,1,0,1225.0,1225.0,1
703,0,3,14.4542,7.2271,3,18.0,54.0,0,1,324.0,2916.0,0
704,1,3,7.7417,7.7417,3,25.0,75.0,3,0,625.0,5625.0,0
705,1,3,7.8542,3.9271,3,26.0,78.0,3,1,676.0,6084.0,0
706,1,2,26.0,26.0,3,39.0,78.0,2,0,1521.0,6084.0,0
707,0,2,13.5,13.5,3,45.0,90.0,0,0,2025.0,8100.0,1
708,1,1,26.2875,26.2875,3,42.0,42.0,1,0,1764.0,1764.0,1
709,0,1,151.55,151.55,3,22.0,22.0,0,0,484.0,484.0,1
710,1,3,15.2458,5.081933333333333,3,30.58522796352584,91.75568389057752,3,2,935.4561695808429,8419.105526227586,1
711,0,1,49.5042,49.5042,3,24.0,24.0,0,0,576.0,576.0,1
712,1,1,26.55,26.55,3,30.58522796352584,30.58522796352584,1,0,935.4561695808429,935.4561695808429,0
713,1,1,52.0,26.0,3,48.0,48.0,1,1,2304.0,2304.0,1
714,1,3,9.4833,9.4833,3,29.0,87.0,3,0,841.0,7569.0,0
715,1,2,13.0,13.0,3,52.0,104.0,2,0,2704.0,10816.0,0
716,1,3,7.65,7.65,3,19.0,57.0,3,0,361.0,3249.0,0
717,0,1,227.525,227.525,3,38.0,38.0,0,0,1444.0,1444.0,1
718,0,2,10.5,10.5,3,27.0,54.0,0,0,729.0,2916.0,1
719,1,3,15.5,15.5,3,30.58522796352584,91.75568389057752,3,0,935.4561695808429,8419.105526227586,0
720,1,3,7.775,7.775,3,33.0,99.0,3,0,1089.0,9801.0,0
721,0,2,33.0,16.5,3,6.0,12.0,0,1,36.0,144.0,1
722,1,3,7.0542,3.5271,3,17.0,51.0,3,1,289.0,2601.0,0
723,1,2,13.0,13.0,3,34.0,68.0,2,0,1156.0,4624.0,0
724,1,2,13.0,13.0,3,50.0,100.0,2,0,2500.0,10000.0,0
725,1,1,53.1,26.55,3,27.0,27.0,1,1,729.0,729.0,1
726,1,3,8.6625,8.6625,3,20.0,60.0,3,0,400.0,3600.0,0
727,0,2,21.0,5.25,3,30.0,60.0,0,3,900.0,3600.0,1
728,0,3,7.7375,7.7375,3,28.68708762886598,86.06126288659794,0,0,822.9489966262356,7406.540969636121,1
729,1,2,26.0,13.0,3,25.0,50.0,2,1,625.0,2500.0,0
730,0,3,7.925,3.9625,3,25.0,75.0,0,1,625.0,5625.0,0
731,0,1,211.3375,211.3375,3,29.0,29.0,0,0,841.0,841.0,1
732,1,3,18.7875,18.7875,3,11.0,33.0,3,0,121.0,1089.0,0
733,1,2,0.0,0.0,3,30.58522796352584,61.17045592705168,2,0,935.4561695808429,3741.8246783233717,0
734,1,2,13.0,13.0,3,23.0,46.0,2,0,529.0,2116.0,0
735,1,2,13.0,13.0,3,23.0,46.0,2,0,529.0,2116.0,0
736,1,3,16.1,16.1,3,28.5,85.5,3,0,812.25,7310.25,0
737,0,3,34.375,6.875,3,48.0,144.0,0,4,2304.0,20736.0,0
738,1,1,512.3292,512.3292,3,35.0,35.0,1,0,1225.0,1225.0,1
739,1,3,7.8958,7.8958,3,30.58522796352584,91.75568389057752,3,0,935.4561695808429,8419.105526227586,0
740,1,3,7.8958,7.8958,3,30.58522796352584,91.75568389057752,3,0,935.4561695808429,8419.105526227586,0
741,1,1,30.0,30.0,3,30.58522796352584,30.58522796352584,1,0,935.4561695808429,935.4561695808429,1
742,1,1,78.85,39.425,3,36.0,36.0,1,1,1296.0,1296.0,0
743,0,1,262.375,52.475,3,21.0,21.0,0,4,441.0,441.0,1
744,1,3,16.1,8.05,3,24.0,72.0,3,1,576.0,5184.0,0
745,1,3,7.925,7.925,3,31.0,93.0,3,0,961.0,8649.0,1
746,1,1,71.0,23.666666666666668,0,70.0,70.0,1,2,4900.0,4900.0,0
747,1,3,20.25,6.75,3,16.0,48.0,3,2,256.0,2304.0,0
748,0,2,13.0,13.0,3,30.0,60.0,0,0,900.0,3600.0,1
749,1,1,53.1,26.55,3,19.0,19.0,1,1,361.0,361.0,0
750,1,3,7.75,7.75,3,31.0,93.0,3,0,961.0,8649.0,0
751,0,2,23.0,7.666666666666667,3,4.0,8.0,0,2,16.0,64.0,1
752,1,3,12.475,6.2375,3,6.0,18.0,3,1,36.0,324.0,1
753,1,3,9.5,9.5,3,33.0,99.0,3,0,1089.0,9801.0,0
754,1,3,7.8958,7.8958,3,23.0,69.0,3,0,529.0,4761.0,0
755,0,2,65.0,16.25,3,48.0,96.0,0,3,2304.0,9216.0,1
756,1,2,14.5,4.833333333333333,3,0.67,1.34,2,2,0.4489000000000001,1.7956000000000003,1
757,1,3,7.7958,7.7958,3,28.0,84.0,3,0,784.0,7056.0,0
758,1,2,11.5,11.5,3,18.0,36.0,2,0,324.0,1296.0,0
759,1,3,8.05,8.05,3,34.0,102.0,3,0,1156.0,10404.0,0
760,0,1,86.5,86.5,1,33.0,33.0,0,0,1089.0,1089.0,1
761,1,3,14.5,14.5,3,30.58522796352584,91.75568389057752,3,0,935.4561695808429,8419.105526227586,0
762,1,3,7.125,7.125,3,41.0,123.0,3,0,1681.0,15129.0,0
763,1,3,7.2292,7.2292,3,20.0,60.0,3,0,400.0,3600.0,1
764,0,1,120.0,30.0,3,36.0,36.0,0,3,1296.0,1296.0,1
765,1,3,7.775,7.775,3,16.0,48.0,3,0,256.0,2304.0,0
766,0,1,77.9583,38.97915,3,51.0,51.0,0,1,2601.0,2601.0,1
767,1,1,39.6,39.6,1,30.58522796352584,30.58522796352584,1,0,935.4561695808429,935.4561695808429,0
768,0,3,7.75,7.75,3,30.5,91.5,0,0,930.25,8372.25,0
769,1,3,24.15,12.075,3,30.58522796352584,91.75568389057752,3,1,935.4561695808429,8419.105526227586,0
770,1,3,8.3625,8.3625,3,32.0,96.0,3,0,1024.0,9216.0,0
771,1,3,9.5,9.5,3,24.0,72.0,3,0,576.0,5184.0,0
772,1,3,7.8542,7.8542,3,48.0,144.0,3,0,2304.0,20736.0,0
773,0,2,10.5,10.5,3,57.0,114.0,0,0,3249.0,12996.0,0
774,1,3,7.225,7.225,3,30.58522796352584,91.75568389057752,3,0,935.4561695808429,8419.105526227586,0
775,0,2,23.0,4.6,3,54.0,108.0,0,4,2916.0,11664.0,1
776,1,3,7.75,7.75,3,18.0,54.0,3,0,324.0,2916.0,0
777,1,3,7.75,7.75,3,30.58522796352584,91.75568389057752,3,0,935.4561695808429,8419.105526227586,0
778,0,3,12.475,12.475,3,5.0,15.0,0,0,25.0,225.0,1
779,1,3,7.7375,7.7375,3,30.58522796352584,91.75568389057752,3,0,935.4561695808429,8419.105526227586,0
780,0,1,211.3375,105.66875,3,43.0,43.0,0,1,1849.0,1849.0,1
781,0,3,7.2292,7.2292,3,13.0,39.0,0,0,169.0,1521.0,1
782,0,1,57.0,28.5,3,17.0,17.0,0,1,289.0,289.0,1
783,1,1,30.0,30.0,3,29.0,29.0,1,0,841.0,841.0,0
784,1,3,23.45,5.8625,3,30.58522796352584,91.75568389057752,3,3,935.4561695808429,8419.105526227586,0
785,1,3,7.05,7.05,3,25.0,75.0,3,0,625.0,5625.0,0
786,1,3,7.25,7.25,3,25.0,75.0,3,0,625.0,5625.0,0
787,0,3,7.4958,7.4958,3,18.0,54.0,0,0,324.0,2916.0,1
788,1,3,29.125,4.854166666666667,3,8.0,24.0,3,5,64.0,576.0,0
789,1,3,20.575,5.14375,3,1.0,3.0,3,3,1.0,9.0,1
790,1,1,79.2,79.2,3,46.0,46.0,1,0,2116.0,2116.0,0
791,1,3,7.75,7.75,3,30.58522796352584,91.75568389057752,3,0,935.4561695808429,8419.105526227586,0
792,1,2,26.0,26.0,3,16.0,32.0,2,0,256.0,1024.0,0
793,0,3,69.55,6.322727272727272,3,28.68708762886598,86.06126288659794,0,10,822.9489966262356,7406.540969636121,0
794,1,1,30.6958,30.6958,3,30.58522796352584,30.58522796352584,1,0,935.4561695808429,935.4561695808429,0
795,1,3,7.8958,7.8958,3,25.0,75.0,3,0,625.0,5625.0,0
796,1,2,13.0,13.0,3,39.0,78.0,2,0,1521.0,6084.0,0
797,0,1,25.9292,25.9292,1,49.0,49.0,0,0,2401.0,2401.0,1
798,0,3,8.6833,8.6833,3,31.0,93.0,0,0,961.0,8649.0,1
799,1,3,7.2292,7.2292,3,30.0,90.0,3,0,900.0,8100.0,0
800,0,3,24.15,8.049999999999999,3,30.0,90.0,0,2,900.0,8100.0,0
801,1,2,13.0,13.0,3,34.0,68.0,2,0,1156.0,4624.0,0
802,0,2,26.25,8.75,3,31.0,62.0,0,2,961.0,3844.0,1
803,1,1,120.0,30.0,3,11.0,11.0,1,3,121.0,121.0,1
804,1,3,8.5167,4.25835,3,0.42,1.26,3,1,0.17639999999999997,1.5876000000000001,1
805,1,3,6.975,6.975,3,27.0,81.0,3,0,729.0,6561.0,1
806,1,3,7.775,7.775,3,31.0,93.0,3,0,961.0,8649.0,0
807,1,1,0.0,0.0,3,39.0,39.0,1,0,1521.0,1521.0,0
808,0,3,7.775,7.775,3,18.0,54.0,0,0,324.0,2916.0,0
809,1,2,13.0,13.0,3,39.0,78.0,2,0,1521.0,6084.0,0
810,0,1,53.1,26.55,3,33.0,33.0,0,1,1089.0,1089.0,1
811,1,3,7.8875,7.8875,3,26.0,78.0,3,0,676.0,6084.0,0
812,1,3,24.15,24.15,3,39.0,117.0,3,0,1521.0,13689.0,0
813,1,2,10.5,10.5,3,35.0,70.0,2,0,1225.0,4900.0,0
814,0,3,31.275,4.4678571428571425,3,6.0,18.0,0,6,36.0,324.0,0
815,1,3,8.05,8.05,3,30.5,91.5,3,0,930.25,8372.25,0
816,1,1,0.0,0.0,3,30.58522796352584,30.58522796352584,1,0,935.4561695808429,935.4561695808429,0
817,0,3,7.925,7.925,3,23.0,69.0,0,0,529.0,4761.0,0
818,1,2,37.0042,12.334733333333332,3,31.0,62.0,2,2,961.0,3844.0,0
819,1,3,6.45,6.45,3,43.0,129.0,3,0,1849.0,16641.0,0
820,1,3,27.9,4.6499999999999995,3,10.0,30.0,3,5,100.0,900.0,0
821,0,1,93.5,31.166666666666668,3,52.0,52.0,0,2,2704.0,2704.0,1
822,1,3,8.6625,8.6625,3,27.0,81.0,3,0,729.0,6561.0,1
823,1,1,0.0,0.0,0,38.0,38.0,1,0,1444.0,1444.0,0
824,0,3,12.475,6.2375,3,27.0,81.0,0,1,729.0,6561.0,1
825,1,3,39.6875,6.614583333333333,3,2.0,6.0,3,5,4.0,36.0,0
826,1,3,6.95,6.95,3,30.58522796352584,91.75568389057752,3,0,935.4561695808429,8419.105526227586,0
827,1,3,56.4958,56.4958,3,30.58522796352584,91.75568389057752,3,0,935.4561695808429,8419.105526227586,0
828,1,2,37.0042,12.334733333333332,3,1.0,2.0,2,2,1.0,4.0,1
829,1,3,7.75,7.75,3,30.58522796352584,91.75568389057752,3,0,935.4561695808429,8419.105526227586,1
830,0,1,80.0,80.0,3,62.0,62.0,0,0,3844.0,3844.0,1
831,0,3,14.4542,7.2271,3,15.0,45.0,0,1,225.0,2025.0,1
832,1,2,18.75,6.25,3,0.83,1.66,2,2,0.6889,2.7556,1
833,1,3,7.2292,7.2292,3,30.58522796352584,91.75568389057752,3,0,935.4561695808429,8419.105526227586,0
834,1,3,7.8542,7.8542,3,23.0,69.0,3,0,529.0,4761.0,0
835,1,3,8.3,8.3,3,18.0,54.0,3,0,324.0,2916.0,0
836,0,1,83.1583,27.71943333333333,3,39.0,39.0,0,2,1521.0,1521.0,1
837,1,3,8.6625,8.6625,3,21.0,63.0,3,0,441.0,3969.0,0
838,1,3,8.05,8.05,3,30.58522796352584,91.75568389057752,3,0,935.4561695808429,8419.105526227586,0
839,1,3,56.4958,56.4958,3,32.0,96.0,3,0,1024.0,9216.0,1
840,1,1,29.7,29.7,3,30.58522796352584,30.58522796352584,1,0,935.4561695808429,935.4561695808429,1
841,1,3,7.925,7.925,3,20.0,60.0,3,0,400.0,3600.0,0
842,1,2,10.5,10.5,3,16.0,32.0,2,0,256.0,1024.0,0
843,0,1,31.0,31.0,3,30.0,30.0,0,0,900.0,900.0,1
844,1,3,6.4375,6.4375,3,34.5,103.5,3,0,1190.25,10712.25,0
845,1,3,8.6625,8.6625,3,17.0,51.0,3,0,289.0,2601.0,0
846,1,3,7.55,7.55,3,42.0,126.0,3,0,1764.0,15876.0,0
847,1,3,69.55,6.322727272727272,3,30.58522796352584,91.75568389057752,3,10,935.4561695808429,8419.105526227586,0
848,1,3,7.8958,7.8958,3,35.0,105.0,3,0,1225.0,11025.0,0
849,1,2,33.0,16.5,0,28.0,56.0,2,1,784.0,3136.0,0
850,0,1,89.1042,44.5521,3,28.68708762886598,28.68708762886598,0,1,822.9489966262356,822.9489966262356,1
851,1,3,31.275,4.4678571428571425,3,4.0,12.0,3,6,16.0,144.0,0
852,1,3,7.775,7.775,3,74.0,222.0,3,0,5476.0,49284.0,0
853,0,3,15.2458,5.081933333333333,3,9.0,27.0,0,2,81.0,729.0,0
854,0,1,39.4,19.7,3,16.0,16.0,0,1,256.0,256.0,1
855,0,2,26.0,13.0,3,44.0,88.0,0,1,1936.0,7744.0,0
856,0,3,9.35,4.675,3,18.0,54.0,0,1,324.0,2916.0,1
857,0,1,164.8667,54.95556666666667,3,45.0,45.0,0,2,2025.0,2025.0,1
858,1,1,26.55,26.55,3,51.0,51.0,1,0,2601.0,2601.0,1
859,0,3,19.2583,4.814575,3,24.0,72.0,0,3,576.0,5184.0,1
860,1,3,7.2292,7.2292,3,30.58522796352584,91.75568389057752,3,0,935.4561695808429,8419.105526227586,0
861,1,3,14.1083,4.702766666666666,3,41.0,123.0,3,2,1681.0,15129.0,0
862,1,2,11.5,5.75,3,21.0,42.0,2,1,441.0,1764.0,0
863,0,1,25.9292,25.9292,3,48.0,48.0,0,0,2304.0,2304.0,1
864,0,3,69.55,6.322727272727272,3,28.68708762886598,86.06126288659794,0,10,822.9489966262356,7406.540969636121,0
865,1,2,13.0,13.0,3,24.0,48.0,2,0,576.0,2304.0,0
866,0,2,13.0,13.0,3,42.0,84.0,0,0,1764.0,7056.0,1
867,0,2,13.8583,6.92915,3,27.0,54.0,0,1,729.0,2916.0,1
868,1,1,50.4958,50.4958,3,31.0,31.0,1,0,961.0,961.0,0
869,1,3,9.5,9.5,3,30.58522796352584,91.75568389057752,3,0,935.4561695808429,8419.105526227586,0
870,1,3,11.1333,3.7111,3,4.0,12.0,3,2,16.0,144.0,1
871,1,3,7.8958,7.8958,3,26.0,78.0,3,0,676.0,6084.0,0
872,0,1,52.5542,17.518066666666666,3,47.0,47.0,0,2,2209.0,2209.0,1
873,1,1,5.0,5.0,3,33.0,33.0,1,0,1089.0,1089.0,0
874,1,3,9.0,9.0,3,47.0,141.0,3,0,2209.0,19881.0,0
875,0,2,24.0,12.0,3,28.0,56.0,0,1,784.0,3136.0,1
876,0,3,7.225,7.225,3,15.0,45.0,0,0,225.0,2025.0,1
877,1,3,9.8458,9.8458,3,20.0,60.0,3,0,400.0,3600.0,0
878,1,3,7.8958,7.8958,3,19.0,57.0,3,0,361.0,3249.0,0
879,1,3,7.8958,7.8958,3,30.58522796352584,91.75568389057752,3,0,935.4561695808429,8419.105526227586,0
880,0,1,83.1583,41.57915,3,56.0,56.0,0,1,3136.0,3136.0,1
881,0,2,26.0,13.0,3,25.0,50.0,0,1,625.0,2500.0,1
882,1,3,7.8958,7.8958,3,33.0,99.0,3,0,1089.0,9801.0,0
883,0,3,10.5167,10.5167,3,22.0,66.0,0,0,484.0,4356.0,0
884,1,2,10.5,10.5,3,28.0,56.0,2,0,784.0,3136.0,0
885,1,3,7.05,7.05,3,25.0,75.0,3,0,625.0,5625.0,0
886,0,3,29.125,4.854166666666667,3,39.0,117.0,0,5,1521.0,13689.0,0
887,1,2,13.0,13.0,0,27.0,54.0,2,0,729.0,2916.0,0
888,0,1,30.0,30.0,3,19.0,19.0,0,0,361.0,361.0,1
889,0,3,23.45,5.8625,3,28.68708762886598,86.06126288659794,0,3,822.9489966262356,7406.540969636121,0
890,1,1,30.0,30.0,3,26.0,26.0,1,0,676.0,676.0,1
